,protein,ligand1,ligand2,lambdai,Gi
0,MCL1,32,46,0.5,31.27734
1,MCL1,32,46,0.424,41.127728
2,MCL1,32,46,0.367,51.104668
3,MCL1,32,46,0.151,41.176865
4,MCL1,32,46,0.095,31.292036
5,MCL1,32,46,0.058,21.335117
6,MCL1,32,46,0.025,11.761624
7,MCL1,32,46,0.0,4.097746
8,MCL1,46,32,0.5,30.70368
9,MCL1,46,32,0.579,40.622932
10,MCL1,46,32,0.638,50.61294
11,MCL1,46,32,0.85,40.636208
12,MCL1,46,32,0.907,30.748653
13,MCL1,46,32,0.942,20.963621
14,MCL1,46,32,0.975,11.326409
15,MCL1,46,32,1.0,4.050274
